"acc","accuracy","average_response_time","avg_rt","background","bidi","canvas_backend","clock_backend","color_backend","compensation","coordinates","correct","correct_button_mouse","correct_instructions","correct_mouse","correct_response","count_block_loop","count_block_sequence","count_end_of_experiment","count_experiment","count_experimental_loop","count_fixation","count_instructions","count_logger","count_mouse","count_reset_feedback","count_stimuli","count_trial_sequence","datetime","description","disable_garbage_collection","experiment_file","experiment_path","font_bold","font_family","font_italic","font_size","font_underline","foreground","form_clicks","fullscreen","height","initiation_time","initiation_time_mouse","keyboard_backend","left_shape","live_row","live_row_block_loop","live_row_experimental_loop","logfile","mouse_backend","opensesame_codename","opensesame_version","practice","repeat_cycle","response","response_end_of_experiment","response_instructions","response_mouse","response_time","response_time_end_of_experiment","response_time_instructions","response_time_mouse","right_shape","round_decimals","sampler_backend","sound_buf_size","sound_channels","sound_freq","sound_sample_size","start","subject_nr","subject_parity","time_block_loop","time_block_sequence","time_end_of_experiment","time_experiment","time_experimental_loop","time_fixation","time_instructions","time_logger","time_mouse","time_reset_feedback","time_stimuli","time_trial_sequence","timestamps_mouse","title","total_correct","total_response_time","total_responses","trial_type","uniform_coordinates","width","xpos_mouse","ypos_mouse"
"undefined","undefined","undefined","undefined","black","yes","xpyriment","legacy","legacy","0","uniform","1","right_button","undefined","1","right_button","0","0","0","0","0","0","0","0","0","0","0","0","Fri Oct 14 13:06:54 2022","A template containing a practice and an experimental phase","yes","circle_square.osexp","/Users/dotlev/Documents/GitHub/PercAct2022/mousetracking/example_experiments","no","mono","no","18","no","white","no","yes","768","796","796","legacy","elipse","0","0","0","/Users/dotlev/Documents/GitHub/PercAct2022/mousetracking/example_experiments/subject-5.csv","xpyriment","Lentiform Loewenfeld","3.3.12","no","0","right_button","NA","space","right_button","1175","NA","8998","1175","circle","2","legacy","1024","2","48000","-16","experiment","5","odd","13694","13694","NA","4660","13689","13719","4675","15114","13935","NA","13934","13713","[13938.0, 13948.0, 13958.0, 13968.0, 13978.0, 13988.0, 13998.0, 14008.0, 14018.0, 14028.0, 14038.0, 14048.0, 14058.0, 14068.0, 14078.0, 14088.0, 14098.0, 14108.0, 14118.0, 14128.0, 14138.0, 14148.0, 14158.0, 14168.0, 14178.0, 14188.0, 14198.0, 14208.0, 14218.0, 14228.0, 14238.0, 14248.0, 14258.0, 14268.0, 14278.0, 14288.0, 14298.0, 14308.0, 14318.0, 14328.0, 14338.0, 14348.0, 14358.0, 14368.0, 14378.0, 14388.0, 14398.0, 14408.0, 14418.0, 14428.0, 14438.0, 14448.0, 14458.0, 14468.0, 14478.0, 14488.0, 14498.0, 14508.0, 14518.0, 14528.0, 14538.0, 14548.0, 14558.0, 14568.0, 14578.0, 14588.0, 14598.0, 14608.0, 14618.0, 14628.0, 14638.0, 14648.0, 14658.0, 14668.0, 14678.0, 14688.0, 14704.0, 14714.0, 14724.0, 14734.0, 14744.0, 14754.0, 14764.0, 14774.0, 14784.0, 14794.0, 14804.0, 14814.0, 14824.0, 14834.0, 14844.0, 14854.0, 14864.0, 14874.0, 14884.0, 14894.0, 14904.0, 14914.0, 14924.0, 14934.0, 14944.0, 14954.0, 14964.0, 14974.0, 14984.0, 14994.0, 15004.0, 15014.0, 15024.0, 15034.0, 15044.0, 15054.0, 15064.0, 15074.0, 15084.0, 15094.0, 15104.0, 15113]","Extended template","0","0","0","elipse","yes","1024","[0, 0.0, 0.0, 0.0, 0.0, 0.0, 0.0, 0.0, 0.0, 0.0, 0.0, 0.0, 0.0, 0.0, 0.0, 0.0, 0.0, 0.0, 0.0, 0.0, 0.0, 0.0, 0.0, 0.0, 0.0, 0.0, 0.0, 0.0, 0.0, 0.0, 0.0, 0.0, 0.0, 0.0, 0.0, 0.0, 0.0, 0.0, 0.0, 0.0, 0.0, 0.0, 0.0, 0.0, 0.0, 0.0, 0.0, 0.0, 0.0, 0.0, 0.0, 0.0, 0.0, 0.0, 0.0, 0.0, 0.0, 0.0, 0.0, 0.0, 0.0, 0.0, 0.0, 0.0, 0.0, 0.0, 0.0, 0.0, 0.0, 0.0, 0.0, 0.0, 0.0, 0.0, 0.0, 0.0, 0.0, 0.0, 0.0, 0.0, 0.0, 0.0, 3.0, 9.0, 21.0, 41.0, 101.0, 138.0, 179.0, 196.0, 260.0, 283.0, 292.0, 307.0, 325.0, 332.0, 338.0, 342.0, 347.0, 348.0, 349.0, 350.0, 352.0, 352.0, 353.0, 354.0, 356.0, 356.0, 357.0, 358.0, 360.0, 360.0, 360.0, 360.0, 360.0, 360.0, 360.0, 360.0]","[0, 0.0, 0.0, 0.0, 0.0, 0.0, 0.0, 0.0, 0.0, 0.0, 0.0, 0.0, 0.0, 0.0, 0.0, 0.0, 0.0, 0.0, 0.0, 0.0, 0.0, 0.0, 0.0, 0.0, 0.0, 0.0, 0.0, 0.0, 0.0, 0.0, 0.0, 0.0, 0.0, 0.0, 0.0, 0.0, 0.0, 0.0, 0.0, 0.0, 0.0, 0.0, 0.0, 0.0, 0.0, 0.0, 0.0, 0.0, 0.0, 0.0, 0.0, 0.0, 0.0, 0.0, 0.0, 0.0, 0.0, 0.0, 0.0, 0.0, 0.0, 0.0, 0.0, 0.0, 0.0, 0.0, 0.0, 0.0, 0.0, 0.0, 0.0, 0.0, 0.0, 0.0, 0.0, 0.0, 0.0, 0.0, 0.0, 0.0, -2.0, -9.0, -29.0, -39.0, -57.0, -79.0, -121.0, -141.0, -162.0, -169.0, -196.0, -205.0, -208.0, -212.0, -217.0, -219.0, -221.0, -221.0, -222.0, -222.0, -222.0, -222.0, -222.0, -222.0, -223.0, -223.0, -225.0, -226.0, -227.0, -228.0, -229.0, -229.0, -230.0, -230.0, -230.0, -230.0, -230.0, -230.0]"
"undefined","undefined","undefined","undefined","black","yes","xpyriment","legacy","legacy","0","uniform","1","left_button","undefined","1","left_button","0","0","0","0","0","1","0","1","1","0","1","1","Fri Oct 14 13:06:54 2022","A template containing a practice and an experimental phase","yes","circle_square.osexp","/Users/dotlev/Documents/GitHub/PercAct2022/mousetracking/example_experiments","no","mono","no","18","no","white","no","yes","768","560","560","legacy","circle","1","1","0","/Users/dotlev/Documents/GitHub/PercAct2022/mousetracking/example_experiments/subject-5.csv","xpyriment","Lentiform Loewenfeld","3.3.12","no","0","left_button","NA","space","left_button","893","NA","8998","893","elipse_high","2","legacy","1024","2","48000","-16","experiment","5","odd","13694","13694","NA","4660","13689","15167","4675","16281","15384","NA","15384","15161","[15387.0, 15397.0, 15407.0, 15417.0, 15427.0, 15437.0, 15447.0, 15457.0, 15467.0, 15477.0, 15487.0, 15497.0, 15507.0, 15517.0, 15527.0, 15537.0, 15547.0, 15557.0, 15567.0, 15577.0, 15587.0, 15597.0, 15607.0, 15617.0, 15627.0, 15637.0, 15647.0, 15657.0, 15667.0, 15677.0, 15687.0, 15697.0, 15707.0, 15717.0, 15727.0, 15737.0, 15747.0, 15757.0, 15767.0, 15777.0, 15787.0, 15797.0, 15807.0, 15817.0, 15827.0, 15837.0, 15847.0, 15857.0, 15867.0, 15877.0, 15887.0, 15897.0, 15907.0, 15917.0, 15927.0, 15937.0, 15947.0, 15957.0, 15967.0, 15977.0, 15987.0, 15997.0, 16007.0, 16017.0, 16027.0, 16037.0, 16047.0, 16057.0, 16067.0, 16077.0, 16087.0, 16097.0, 16107.0, 16117.0, 16127.0, 16137.0, 16147.0, 16157.0, 16167.0, 16177.0, 16187.0, 16197.0, 16207.0, 16217.0, 16227.0, 16237.0, 16247.0, 16257.0, 16267.0, 16277.0, 16280]","Extended template","0","0","0","elipse_high","yes","1024","[0, 0.0, 0.0, 0.0, 0.0, 0.0, 0.0, 0.0, 0.0, 0.0, 0.0, 0.0, 0.0, 0.0, 0.0, 0.0, 0.0, 0.0, 0.0, 0.0, 0.0, 0.0, 0.0, 0.0, 0.0, 0.0, 0.0, 0.0, 0.0, 0.0, 0.0, 0.0, 0.0, 0.0, 0.0, 0.0, 0.0, 0.0, 0.0, 0.0, 0.0, 0.0, 0.0, 0.0, 0.0, 0.0, 0.0, 0.0, 0.0, 0.0, 0.0, 0.0, 0.0, 0.0, 0.0, 0.0, 0.0, -14.0, -33.0, -54.0, -79.0, -103.0, -174.0, -213.0, -228.0, -256.0, -283.0, -297.0, -301.0, -311.0, -320.0, -322.0, -324.0, -325.0, -326.0, -326.0, -326.0, -326.0, -326.0, -326.0, -326.0, -326.0, -326.0, -326.0, -326.0, -326.0, -327.0, -327.0, -327.0, -327.0, -327.0]","[0, 0.0, 0.0, 0.0, 0.0, 0.0, 0.0, 0.0, 0.0, 0.0, 0.0, 0.0, 0.0, 0.0, 0.0, 0.0, 0.0, 0.0, 0.0, 0.0, 0.0, 0.0, 0.0, 0.0, 0.0, 0.0, 0.0, 0.0, 0.0, 0.0, 0.0, 0.0, 0.0, 0.0, 0.0, 0.0, 0.0, 0.0, 0.0, 0.0, 0.0, 0.0, 0.0, 0.0, 0.0, 0.0, 0.0, 0.0, 0.0, 0.0, 0.0, 0.0, 0.0, 0.0, 0.0, 0.0, 0.0, -11.0, -27.0, -44.0, -66.0, -87.0, -150.0, -186.0, -198.0, -222.0, -243.0, -254.0, -257.0, -263.0, -270.0, -271.0, -272.0, -272.0, -273.0, -273.0, -273.0, -273.0, -273.0, -273.0, -273.0, -273.0, -273.0, -273.0, -273.0, -273.0, -273.0, -273.0, -273.0, -273.0, -273.0]"
"undefined","undefined","undefined","undefined","black","yes","xpyriment","legacy","legacy","0","uniform","1","left_button","undefined","1","left_button","0","0","0","0","0","2","0","2","2","0","2","2","Fri Oct 14 13:06:54 2022","A template containing a practice and an experimental phase","yes","circle_square.osexp","/Users/dotlev/Documents/GitHub/PercAct2022/mousetracking/example_experiments","no","mono","no","18","no","white","no","yes","768","521","521","legacy","circle","2","2","0","/Users/dotlev/Documents/GitHub/PercAct2022/mousetracking/example_experiments/subject-5.csv","xpyriment","Lentiform Loewenfeld","3.3.12","no","0","left_button","NA","space","left_button","1067","NA","8998","1067","rectangle","2","legacy","1024","2","48000","-16","experiment","5","odd","13694","13694","NA","4660","13689","16311","4675","17597","16528","NA","16527","16305","[16530.0, 16541.0, 16551.0, 16561.0, 16571.0, 16581.0, 16591.0, 16601.0, 16611.0, 16621.0, 16631.0, 16641.0, 16651.0, 16661.0, 16671.0, 16681.0, 16691.0, 16701.0, 16711.0, 16721.0, 16731.0, 16741.0, 16751.0, 16761.0, 16771.0, 16781.0, 16791.0, 16801.0, 16811.0, 16821.0, 16831.0, 16841.0, 16851.0, 16861.0, 16871.0, 16881.0, 16891.0, 16901.0, 16911.0, 16921.0, 16931.0, 16941.0, 16951.0, 16961.0, 16971.0, 16981.0, 16991.0, 17001.0, 17011.0, 17021.0, 17031.0, 17041.0, 17051.0, 17061.0, 17071.0, 17081.0, 17091.0, 17101.0, 17111.0, 17121.0, 17131.0, 17141.0, 17151.0, 17161.0, 17171.0, 17181.0, 17191.0, 17201.0, 17211.0, 17221.0, 17231.0, 17241.0, 17251.0, 17261.0, 17271.0, 17281.0, 17291.0, 17301.0, 17311.0, 17321.0, 17331.0, 17341.0, 17351.0, 17361.0, 17371.0, 17381.0, 17391.0, 17401.0, 17411.0, 17421.0, 17431.0, 17441.0, 17451.0, 17461.0, 17471.0, 17481.0, 17491.0, 17501.0, 17511.0, 17521.0, 17531.0, 17541.0, 17551.0, 17561.0, 17571.0, 17581.0, 17591.0, 17597]","Extended template","0","0","0","rectangle","yes","1024","[0, 0.0, 0.0, 0.0, 0.0, 0.0, 0.0, 0.0, 0.0, 0.0, 0.0, 0.0, 0.0, 0.0, 0.0, 0.0, 0.0, 0.0, 0.0, 0.0, 0.0, 0.0, 0.0, 0.0, 0.0, 0.0, 0.0, 0.0, 0.0, 0.0, 0.0, 0.0, 0.0, 0.0, 0.0, 0.0, 0.0, 0.0, 0.0, 0.0, 0.0, 0.0, 0.0, 0.0, 0.0, 0.0, 0.0, 0.0, 0.0, 0.0, 0.0, 0.0, 0.0, -2.0, -33.0, -57.0, -85.0, -115.0, -156.0, -178.0, -186.0, -202.0, -214.0, -225.0, -230.0, -238.0, -242.0, -244.0, -246.0, -247.0, -249.0, -251.0, -252.0, -253.0, -255.0, -257.0, -259.0, -261.0, -262.0, -266.0, -268.0, -269.0, -273.0, -275.0, -279.0, -281.0, -283.0, -288.0, -289.0, -291.0, -294.0, -298.0, -300.0, -302.0, -306.0, -311.0, -315.0, -319.0, -323.0, -332.0, -336.0, -341.0, -344.0, -346.0, -351.0, -351.0, -351.0, -351.0]","[0, 0.0, 0.0, 0.0, 0.0, 0.0, 0.0, 0.0, 0.0, 0.0, 0.0, 0.0, 0.0, 0.0, 0.0, 0.0, 0.0, 0.0, 0.0, 0.0, 0.0, 0.0, 0.0, 0.0, 0.0, 0.0, 0.0, 0.0, 0.0, 0.0, 0.0, 0.0, 0.0, 0.0, 0.0, 0.0, 0.0, 0.0, 0.0, 0.0, 0.0, 0.0, 0.0, 0.0, 0.0, 0.0, 0.0, 0.0, 0.0, 0.0, 0.0, 0.0, 0.0, -1.0, -24.0, -46.0, -69.0, -94.0, -130.0, -149.0, -155.0, -168.0, -176.0, -184.0, -187.0, -193.0, -195.0, -196.0, -197.0, -198.0, -199.0, -201.0, -201.0, -203.0, -204.0, -206.0, -207.0, -208.0, -209.0, -211.0, -212.0, -213.0, -215.0, -218.0, -220.0, -222.0, -224.0, -228.0, -229.0, -231.0, -233.0, -235.0, -237.0, -238.0, -239.0, -241.0, -243.0, -244.0, -245.0, -248.0, -250.0, -252.0, -254.0, -255.0, -258.0, -258.0, -258.0, -258.0]"
"undefined","undefined","undefined","undefined","black","yes","xpyriment","legacy","legacy","0","uniform","1","left_button","undefined","1","left_button","0","0","0","0","0","3","0","3","3","0","3","3","Fri Oct 14 13:06:54 2022","A template containing a practice and an experimental phase","yes","circle_square.osexp","/Users/dotlev/Documents/GitHub/PercAct2022/mousetracking/example_experiments","no","mono","no","18","no","white","no","yes","768","550","550","legacy","circle","3","3","0","/Users/dotlev/Documents/GitHub/PercAct2022/mousetracking/example_experiments/subject-5.csv","xpyriment","Lentiform Loewenfeld","3.3.12","no","0","left_button","NA","space","left_button","898","NA","8998","898","rectangle","2","legacy","1024","2","48000","-16","experiment","5","odd","13694","13694","NA","4660","13689","17628","4675","18747","17846","NA","17845","17622","[17849.0, 17859.0, 17869.0, 17879.0, 17889.0, 17899.0, 17909.0, 17919.0, 17929.0, 17939.0, 17949.0, 17959.0, 17969.0, 17979.0, 17989.0, 17999.0, 18009.0, 18019.0, 18029.0, 18039.0, 18049.0, 18059.0, 18069.0, 18079.0, 18089.0, 18099.0, 18109.0, 18119.0, 18129.0, 18139.0, 18149.0, 18159.0, 18169.0, 18179.0, 18189.0, 18199.0, 18209.0, 18219.0, 18229.0, 18239.0, 18249.0, 18259.0, 18269.0, 18279.0, 18289.0, 18299.0, 18309.0, 18319.0, 18329.0, 18339.0, 18349.0, 18359.0, 18369.0, 18379.0, 18389.0, 18399.0, 18409.0, 18419.0, 18429.0, 18439.0, 18449.0, 18459.0, 18469.0, 18479.0, 18489.0, 18499.0, 18509.0, 18519.0, 18529.0, 18539.0, 18549.0, 18559.0, 18569.0, 18579.0, 18589.0, 18599.0, 18609.0, 18619.0, 18629.0, 18639.0, 18649.0, 18659.0, 18669.0, 18679.0, 18689.0, 18699.0, 18709.0, 18719.0, 18729.0, 18739.0, 18747]","Extended template","0","0","0","rectangle","yes","1024","[0, 0.0, 0.0, 0.0, 0.0, 0.0, 0.0, 0.0, 0.0, 0.0, 0.0, 0.0, 0.0, 0.0, 0.0, 0.0, 0.0, 0.0, 0.0, 0.0, 0.0, 0.0, 0.0, 0.0, 0.0, 0.0, 0.0, 0.0, 0.0, 0.0, 0.0, 0.0, 0.0, 0.0, 0.0, 0.0, 0.0, 0.0, 0.0, 0.0, 0.0, 0.0, 0.0, 0.0, 0.0, 0.0, 0.0, 0.0, 0.0, 0.0, 0.0, 0.0, 0.0, 0.0, 0.0, 0.0, -2.0, -12.0, -26.0, -46.0, -69.0, -129.0, -160.0, -188.0, -227.0, -235.0, -250.0, -263.0, -273.0, -283.0, -287.0, -292.0, -294.0, -300.0, -302.0, -304.0, -307.0, -311.0, -312.0, -315.0, -317.0, -320.0, -322.0, -324.0, -325.0, -328.0, -329.0, -329.0, -330.0, -330.0, -330.0]","[0, 0.0, 0.0, 0.0, 0.0, 0.0, 0.0, 0.0, 0.0, 0.0, 0.0, 0.0, 0.0, 0.0, 0.0, 0.0, 0.0, 0.0, 0.0, 0.0, 0.0, 0.0, 0.0, 0.0, 0.0, 0.0, 0.0, 0.0, 0.0, 0.0, 0.0, 0.0, 0.0, 0.0, 0.0, 0.0, 0.0, 0.0, 0.0, 0.0, 0.0, 0.0, 0.0, 0.0, 0.0, 0.0, 0.0, 0.0, 0.0, 0.0, 0.0, 0.0, 0.0, 0.0, 0.0, 0.0, -1.0, -8.0, -19.0, -34.0, -53.0, -102.0, -129.0, -153.0, -186.0, -194.0, -209.0, -219.0, -227.0, -234.0, -237.0, -239.0, -241.0, -243.0, -243.0, -244.0, -245.0, -249.0, -250.0, -253.0, -256.0, -260.0, -261.0, -263.0, -264.0, -266.0, -266.0, -266.0, -266.0, -266.0, -266.0]"
"undefined","undefined","undefined","undefined","black","yes","xpyriment","legacy","legacy","0","uniform","1","left_button","undefined","1","left_button","0","0","0","0","0","4","0","4","4","0","4","4","Fri Oct 14 13:06:54 2022","A template containing a practice and an experimental phase","yes","circle_square.osexp","/Users/dotlev/Documents/GitHub/PercAct2022/mousetracking/example_experiments","no","mono","no","18","no","white","no","yes","768","451","451","legacy","circle","4","4","0","/Users/dotlev/Documents/GitHub/PercAct2022/mousetracking/example_experiments/subject-5.csv","xpyriment","Lentiform Loewenfeld","3.3.12","no","0","left_button","NA","space","left_button","768","NA","8998","768","elipse","2","legacy","1024","2","48000","-16","experiment","5","odd","13694","13694","NA","4660","13689","18776","4675","19764","18994","NA","18994","18770","[18996.0, 19007.0, 19017.0, 19027.0, 19037.0, 19047.0, 19057.0, 19067.0, 19077.0, 19087.0, 19097.0, 19107.0, 19117.0, 19127.0, 19137.0, 19147.0, 19157.0, 19167.0, 19177.0, 19187.0, 19197.0, 19207.0, 19217.0, 19227.0, 19237.0, 19247.0, 19257.0, 19267.0, 19277.0, 19287.0, 19297.0, 19307.0, 19317.0, 19327.0, 19337.0, 19347.0, 19357.0, 19367.0, 19377.0, 19387.0, 19397.0, 19407.0, 19417.0, 19427.0, 19437.0, 19447.0, 19457.0, 19467.0, 19477.0, 19487.0, 19497.0, 19507.0, 19517.0, 19527.0, 19537.0, 19547.0, 19557.0, 19567.0, 19577.0, 19587.0, 19597.0, 19607.0, 19617.0, 19627.0, 19637.0, 19647.0, 19657.0, 19667.0, 19677.0, 19687.0, 19697.0, 19707.0, 19717.0, 19727.0, 19737.0, 19747.0, 19757.0, 19764]","Extended template","0","0","0","elipse","yes","1024","[0, 0.0, 0.0, 0.0, 0.0, 0.0, 0.0, 0.0, 0.0, 0.0, 0.0, 0.0, 0.0, 0.0, 0.0, 0.0, 0.0, 0.0, 0.0, 0.0, 0.0, 0.0, 0.0, 0.0, 0.0, 0.0, 0.0, 0.0, 0.0, 0.0, 0.0, 0.0, 0.0, 0.0, 0.0, 0.0, 0.0, 0.0, 0.0, 0.0, 0.0, 0.0, 0.0, 0.0, 0.0, 0.0, -2.0, -22.0, -29.0, -44.0, -61.0, -95.0, -111.0, -125.0, -138.0, -164.0, -175.0, -180.0, -189.0, -199.0, -224.0, -229.0, -237.0, -246.0, -258.0, -264.0, -265.0, -270.0, -275.0, -278.0, -280.0, -282.0, -285.0, -287.0, -288.0, -288.0, -288.0, -288.0]","[0, 0.0, 0.0, 0.0, 0.0, 0.0, 0.0, 0.0, 0.0, 0.0, 0.0, 0.0, 0.0, 0.0, 0.0, 0.0, 0.0, 0.0, 0.0, 0.0, 0.0, 0.0, 0.0, 0.0, 0.0, 0.0, 0.0, 0.0, 0.0, 0.0, 0.0, 0.0, 0.0, 0.0, 0.0, 0.0, 0.0, 0.0, 0.0, 0.0, 0.0, 0.0, 0.0, 0.0, 0.0, 0.0, -1.0, -16.0, -22.0, -35.0, -50.0, -84.0, -101.0, -115.0, -129.0, -153.0, -164.0, -168.0, -177.0, -186.0, -205.0, -208.0, -214.0, -219.0, -227.0, -231.0, -231.0, -234.0, -236.0, -237.0, -238.0, -238.0, -239.0, -240.0, -241.0, -241.0, -241.0, -241.0]"
"undefined","undefined","undefined","undefined","black","yes","xpyriment","legacy","legacy","0","uniform","1","right_button","undefined","1","right_button","0","0","0","0","0","5","0","5","5","0","5","5","Fri Oct 14 13:06:54 2022","A template containing a practice and an experimental phase","yes","circle_square.osexp","/Users/dotlev/Documents/GitHub/PercAct2022/mousetracking/example_experiments","no","mono","no","18","no","white","no","yes","768","611","611","legacy","elipse","5","5","0","/Users/dotlev/Documents/GitHub/PercAct2022/mousetracking/example_experiments/subject-5.csv","xpyriment","Lentiform Loewenfeld","3.3.12","no","0","right_button","NA","space","right_button","1017","NA","8998","1017","circle","2","legacy","1024","2","48000","-16","experiment","5","odd","13694","13694","NA","4660","13689","19793","4675","21031","20011","NA","20011","19787","[20013.0, 20024.0, 20034.0, 20044.0, 20054.0, 20064.0, 20074.0, 20084.0, 20094.0, 20104.0, 20114.0, 20124.0, 20134.0, 20144.0, 20154.0, 20164.0, 20174.0, 20184.0, 20194.0, 20204.0, 20214.0, 20224.0, 20234.0, 20244.0, 20254.0, 20264.0, 20274.0, 20284.0, 20294.0, 20304.0, 20314.0, 20324.0, 20334.0, 20344.0, 20354.0, 20364.0, 20374.0, 20384.0, 20394.0, 20404.0, 20414.0, 20424.0, 20434.0, 20444.0, 20454.0, 20464.0, 20474.0, 20484.0, 20494.0, 20504.0, 20514.0, 20524.0, 20534.0, 20544.0, 20554.0, 20564.0, 20574.0, 20584.0, 20594.0, 20604.0, 20614.0, 20624.0, 20634.0, 20644.0, 20654.0, 20664.0, 20674.0, 20684.0, 20694.0, 20704.0, 20714.0, 20724.0, 20734.0, 20744.0, 20754.0, 20764.0, 20774.0, 20784.0, 20794.0, 20804.0, 20814.0, 20824.0, 20834.0, 20844.0, 20854.0, 20864.0, 20874.0, 20884.0, 20894.0, 20904.0, 20914.0, 20924.0, 20934.0, 20944.0, 20954.0, 20964.0, 20974.0, 20984.0, 20994.0, 21004.0, 21014.0, 21024.0, 21030]","Extended template","0","0","0","elipse","yes","1024","[0, 0.0, 0.0, 0.0, 0.0, 0.0, 0.0, 0.0, 0.0, 0.0, 0.0, 0.0, 0.0, 0.0, 0.0, 0.0, 0.0, 0.0, 0.0, 0.0, 0.0, 0.0, 0.0, 0.0, 0.0, 0.0, 0.0, 0.0, 0.0, 0.0, 0.0, 0.0, 0.0, 0.0, 0.0, 0.0, 0.0, 0.0, 0.0, 0.0, 0.0, 0.0, 0.0, 0.0, 0.0, 0.0, 0.0, 0.0, 0.0, 0.0, 0.0, 0.0, 0.0, 0.0, 0.0, 0.0, 0.0, 0.0, 0.0, 0.0, 0.0, 0.0, 0.0, 2.0, 16.0, 25.0, 35.0, 48.0, 100.0, 132.0, 168.0, 204.0, 258.0, 269.0, 293.0, 308.0, 324.0, 333.0, 338.0, 342.0, 347.0, 349.0, 353.0, 355.0, 360.0, 364.0, 367.0, 372.0, 381.0, 386.0, 391.0, 396.0, 403.0, 406.0, 408.0, 410.0, 411.0, 412.0, 412.0, 412.0, 412.0, 413.0, 413.0]","[0, 0.0, 0.0, 0.0, 0.0, 0.0, 0.0, 0.0, 0.0, 0.0, 0.0, 0.0, 0.0, 0.0, 0.0, 0.0, 0.0, 0.0, 0.0, 0.0, 0.0, 0.0, 0.0, 0.0, 0.0, 0.0, 0.0, 0.0, 0.0, 0.0, 0.0, 0.0, 0.0, 0.0, 0.0, 0.0, 0.0, 0.0, 0.0, 0.0, 0.0, 0.0, 0.0, 0.0, 0.0, 0.0, 0.0, 0.0, 0.0, 0.0, 0.0, 0.0, 0.0, 0.0, 0.0, 0.0, 0.0, 0.0, 0.0, 0.0, 0.0, 0.0, -1.0, -6.0, -25.0, -37.0, -47.0, -61.0, -113.0, -140.0, -164.0, -185.0, -210.0, -214.0, -222.0, -227.0, -231.0, -233.0, -233.0, -234.0, -234.0, -235.0, -235.0, -236.0, -238.0, -239.0, -241.0, -243.0, -248.0, -252.0, -256.0, -259.0, -264.0, -267.0, -268.0, -269.0, -270.0, -271.0, -271.0, -271.0, -271.0, -271.0, -271.0]"
"undefined","undefined","undefined","undefined","black","yes","xpyriment","legacy","legacy","0","uniform","1","right_button","undefined","1","right_button","0","0","0","0","0","6","0","6","6","0","6","6","Fri Oct 14 13:06:54 2022","A template containing a practice and an experimental phase","yes","circle_square.osexp","/Users/dotlev/Documents/GitHub/PercAct2022/mousetracking/example_experiments","no","mono","no","18","no","white","no","yes","768","370","370","legacy","rectangle","6","6","0","/Users/dotlev/Documents/GitHub/PercAct2022/mousetracking/example_experiments/subject-5.csv","xpyriment","Lentiform Loewenfeld","3.3.12","no","0","right_button","NA","space","right_button","763","NA","8998","763","circle","2","legacy","1024","2","48000","-16","experiment","5","odd","13694","13694","NA","4660","13689","21062","4675","22047","21280","NA","21280","21056","[21284.0, 21294.0, 21304.0, 21314.0, 21324.0, 21334.0, 21344.0, 21354.0, 21364.0, 21374.0, 21384.0, 21394.0, 21404.0, 21414.0, 21424.0, 21434.0, 21444.0, 21454.0, 21464.0, 21474.0, 21484.0, 21494.0, 21504.0, 21514.0, 21524.0, 21534.0, 21544.0, 21554.0, 21564.0, 21574.0, 21584.0, 21594.0, 21604.0, 21614.0, 21624.0, 21634.0, 21644.0, 21654.0, 21664.0, 21674.0, 21684.0, 21694.0, 21704.0, 21714.0, 21724.0, 21734.0, 21744.0, 21754.0, 21764.0, 21774.0, 21784.0, 21794.0, 21804.0, 21814.0, 21824.0, 21834.0, 21844.0, 21854.0, 21864.0, 21874.0, 21884.0, 21894.0, 21904.0, 21914.0, 21924.0, 21934.0, 21944.0, 21954.0, 21964.0, 21974.0, 21984.0, 21994.0, 22004.0, 22014.0, 22024.0, 22034.0, 22044.0, 22047]","Extended template","0","0","0","rectangle","yes","1024","[0, 0.0, 0.0, 0.0, 0.0, 0.0, 0.0, 0.0, 0.0, 0.0, 0.0, 0.0, 0.0, 0.0, 0.0, 0.0, 0.0, 0.0, 0.0, 0.0, 0.0, 0.0, 0.0, 0.0, 0.0, 0.0, 0.0, 0.0, 0.0, 0.0, 0.0, 0.0, 0.0, 0.0, 0.0, 0.0, 0.0, 0.0, 0.0, 1.0, 3.0, 5.0, 12.0, 16.0, 22.0, 28.0, 41.0, 48.0, 52.0, 60.0, 82.0, 92.0, 103.0, 114.0, 140.0, 157.0, 172.0, 189.0, 212.0, 225.0, 236.0, 246.0, 255.0, 261.0, 265.0, 269.0, 274.0, 276.0, 278.0, 278.0, 278.0, 278.0, 278.0, 278.0, 278.0, 278.0, 278.0, 278.0]","[0, 0.0, 0.0, 0.0, 0.0, 0.0, 0.0, 0.0, 0.0, 0.0, 0.0, 0.0, 0.0, 0.0, 0.0, 0.0, 0.0, 0.0, 0.0, 0.0, 0.0, 0.0, 0.0, 0.0, 0.0, 0.0, 0.0, 0.0, 0.0, 0.0, 0.0, 0.0, 0.0, 0.0, 0.0, 0.0, 0.0, 0.0, -1.0, -3.0, -5.0, -8.0, -17.0, -22.0, -33.0, -41.0, -61.0, -74.0, -79.0, -90.0, -117.0, -128.0, -137.0, -147.0, -166.0, -176.0, -184.0, -192.0, -201.0, -207.0, -211.0, -214.0, -216.0, -217.0, -218.0, -219.0, -220.0, -221.0, -222.0, -222.0, -222.0, -222.0, -222.0, -222.0, -222.0, -222.0, -222.0, -222.0]"
"undefined","undefined","undefined","undefined","black","yes","xpyriment","legacy","legacy","0","uniform","1","left_button","undefined","1","left_button","0","0","0","0","0","7","0","7","7","0","7","7","Fri Oct 14 13:06:54 2022","A template containing a practice and an experimental phase","yes","circle_square.osexp","/Users/dotlev/Documents/GitHub/PercAct2022/mousetracking/example_experiments","no","mono","no","18","no","white","no","yes","768","260","260","legacy","circle","7","7","0","/Users/dotlev/Documents/GitHub/PercAct2022/mousetracking/example_experiments/subject-5.csv","xpyriment","Lentiform Loewenfeld","3.3.12","no","0","left_button","NA","space","left_button","843","NA","8998","843","elipse_high","2","legacy","1024","2","48000","-16","experiment","5","odd","13694","13694","NA","4660","13689","22075","4675","23131","22287","NA","22287","22069","[22287.0, 22297.0, 22307.0, 22317.0, 22327.0, 22337.0, 22347.0, 22357.0, 22367.0, 22377.0, 22387.0, 22397.0, 22407.0, 22417.0, 22427.0, 22437.0, 22447.0, 22457.0, 22467.0, 22477.0, 22487.0, 22497.0, 22507.0, 22517.0, 22527.0, 22537.0, 22547.0, 22557.0, 22567.0, 22577.0, 22587.0, 22597.0, 22607.0, 22617.0, 22627.0, 22637.0, 22647.0, 22657.0, 22667.0, 22677.0, 22687.0, 22697.0, 22707.0, 22717.0, 22727.0, 22737.0, 22747.0, 22757.0, 22767.0, 22777.0, 22787.0, 22797.0, 22807.0, 22817.0, 22827.0, 22837.0, 22847.0, 22857.0, 22867.0, 22877.0, 22887.0, 22897.0, 22907.0, 22917.0, 22927.0, 22937.0, 22947.0, 22957.0, 22967.0, 22977.0, 22987.0, 22997.0, 23007.0, 23017.0, 23027.0, 23037.0, 23047.0, 23057.0, 23067.0, 23077.0, 23087.0, 23097.0, 23107.0, 23117.0, 23127.0, 23130]","Extended template","0","0","0","elipse_high","yes","1024","[0, 0.0, 0.0, 0.0, 0.0, 0.0, 0.0, 0.0, 0.0, 0.0, 0.0, 0.0, 0.0, 0.0, 0.0, 0.0, 0.0, 0.0, 0.0, 0.0, 0.0, 0.0, 0.0, 0.0, 0.0, 0.0, 0.0, -3.0, -6.0, -14.0, -18.0, -21.0, -27.0, -47.0, -63.0, -95.0, -106.0, -144.0, -163.0, -181.0, -197.0, -228.0, -242.0, -255.0, -261.0, -281.0, -289.0, -296.0, -302.0, -312.0, -317.0, -321.0, -327.0, -334.0, -339.0, -342.0, -346.0, -352.0, -353.0, -353.0, -353.0, -354.0, -354.0, -354.0, -355.0, -355.0, -355.0, -355.0, -355.0, -355.0, -355.0, -355.0, -355.0, -355.0, -354.0, -353.0, -353.0, -353.0, -353.0, -353.0, -353.0, -353.0, -353.0, -353.0, -353.0, -353.0]","[0, 0.0, 0.0, 0.0, 0.0, 0.0, 0.0, 0.0, 0.0, 0.0, 0.0, 0.0, 0.0, 0.0, 0.0, 0.0, 0.0, 0.0, 0.0, 0.0, 0.0, 0.0, 0.0, 0.0, 0.0, 0.0, 0.0, 4.0, 7.0, 13.0, 15.0, 17.0, 19.0, 27.0, 34.0, 43.0, 45.0, 49.0, 50.0, 50.0, 49.0, 38.0, 31.0, 23.0, 20.0, 7.0, 1.0, -7.0, -13.0, -28.0, -35.0, -43.0, -51.0, -67.0, -75.0, -82.0, -89.0, -110.0, -120.0, -131.0, -137.0, -157.0, -164.0, -172.0, -174.0, -184.0, -188.0, -191.0, -194.0, -196.0, -203.0, -204.0, -207.0, -209.0, -214.0, -216.0, -217.0, -219.0, -222.0, -223.0, -224.0, -225.0, -226.0, -226.0, -226.0, -226.0]"
"undefined","undefined","undefined","undefined","black","yes","xpyriment","legacy","legacy","0","uniform","1","right_button","undefined","1","right_button","0","0","0","0","0","8","0","8","8","0","8","8","Fri Oct 14 13:06:54 2022","A template containing a practice and an experimental phase","yes","circle_square.osexp","/Users/dotlev/Documents/GitHub/PercAct2022/mousetracking/example_experiments","no","mono","no","18","no","white","no","yes","768","480","480","legacy","elipse","8","8","0","/Users/dotlev/Documents/GitHub/PercAct2022/mousetracking/example_experiments/subject-5.csv","xpyriment","Lentiform Loewenfeld","3.3.12","no","0","right_button","NA","space","right_button","934","NA","8998","934","circle","2","legacy","1024","2","48000","-16","experiment","5","odd","13694","13694","NA","4660","13689","23159","4675","24314","23377","NA","23376","23153","[23380.0, 23390.0, 23400.0, 23410.0, 23420.0, 23430.0, 23440.0, 23450.0, 23460.0, 23470.0, 23480.0, 23490.0, 23500.0, 23510.0, 23520.0, 23530.0, 23540.0, 23550.0, 23560.0, 23570.0, 23580.0, 23590.0, 23600.0, 23610.0, 23620.0, 23630.0, 23640.0, 23650.0, 23660.0, 23670.0, 23680.0, 23690.0, 23700.0, 23710.0, 23720.0, 23730.0, 23740.0, 23750.0, 23760.0, 23770.0, 23780.0, 23790.0, 23800.0, 23810.0, 23820.0, 23830.0, 23840.0, 23850.0, 23860.0, 23870.0, 23880.0, 23890.0, 23900.0, 23910.0, 23920.0, 23930.0, 23940.0, 23950.0, 23960.0, 23970.0, 23980.0, 23990.0, 24000.0, 24010.0, 24020.0, 24030.0, 24040.0, 24050.0, 24060.0, 24070.0, 24080.0, 24090.0, 24100.0, 24110.0, 24120.0, 24130.0, 24140.0, 24150.0, 24160.0, 24170.0, 24180.0, 24190.0, 24200.0, 24210.0, 24220.0, 24230.0, 24240.0, 24250.0, 24260.0, 24270.0, 24280.0, 24290.0, 24300.0, 24310.0, 24314]","Extended template","0","0","0","elipse","yes","1024","[0, 0.0, 0.0, 0.0, 0.0, 0.0, 0.0, 0.0, 0.0, 0.0, 0.0, 0.0, 0.0, 0.0, 0.0, 0.0, 0.0, 0.0, 0.0, 0.0, 0.0, 0.0, 0.0, 0.0, 0.0, 0.0, 0.0, 0.0, 0.0, 0.0, 0.0, 0.0, 0.0, 0.0, 0.0, 0.0, 0.0, 0.0, 0.0, 0.0, 0.0, 0.0, 0.0, 0.0, 0.0, 0.0, 0.0, 0.0, 0.0, 0.0, 0.0, 0.0, 3.0, 6.0, 10.0, 12.0, 25.0, 33.0, 49.0, 64.0, 107.0, 132.0, 158.0, 186.0, 224.0, 249.0, 271.0, 292.0, 314.0, 326.0, 336.0, 339.0, 349.0, 352.0, 354.0, 356.0, 358.0, 359.0, 360.0, 361.0, 362.0, 362.0, 362.0, 362.0, 362.0, 362.0, 362.0, 362.0, 362.0, 362.0, 362.0, 362.0, 362.0, 362.0, 362.0]","[0, 0.0, 0.0, 0.0, 0.0, 0.0, 0.0, 0.0, 0.0, 0.0, 0.0, 0.0, 0.0, 0.0, 0.0, 0.0, 0.0, 0.0, 0.0, 0.0, 0.0, 0.0, 0.0, 0.0, 0.0, 0.0, 0.0, 0.0, 0.0, 0.0, 0.0, 0.0, 0.0, 0.0, 0.0, 0.0, 0.0, 0.0, 0.0, 0.0, 0.0, 0.0, 0.0, 0.0, 0.0, 0.0, 0.0, 0.0, 0.0, -1.0, -3.0, -6.0, -15.0, -26.0, -35.0, -40.0, -67.0, -80.0, -102.0, -119.0, -156.0, -175.0, -194.0, -212.0, -231.0, -242.0, -250.0, -258.0, -263.0, -267.0, -268.0, -269.0, -270.0, -271.0, -271.0, -271.0, -271.0, -271.0, -271.0, -271.0, -271.0, -271.0, -271.0, -271.0, -271.0, -271.0, -271.0, -271.0, -271.0, -271.0, -271.0, -271.0, -271.0, -271.0, -271.0]"
"undefined","undefined","undefined","undefined","black","yes","xpyriment","legacy","legacy","0","uniform","1","left_button","undefined","1","left_button","0","0","0","0","0","9","0","9","9","0","9","9","Fri Oct 14 13:06:54 2022","A template containing a practice and an experimental phase","yes","circle_square.osexp","/Users/dotlev/Documents/GitHub/PercAct2022/mousetracking/example_experiments","no","mono","no","18","no","white","no","yes","768","580","580","legacy","circle","9","9","0","/Users/dotlev/Documents/GitHub/PercAct2022/mousetracking/example_experiments/subject-5.csv","xpyriment","Lentiform Loewenfeld","3.3.12","no","0","left_button","NA","space","left_button","1004","NA","8998","1004","elipse","2","legacy","1024","2","48000","-16","experiment","5","odd","13694","13694","NA","4660","13689","24342","4675","25564","24559","NA","24559","24336","[24560.0, 24570.0, 24580.0, 24590.0, 24600.0, 24610.0, 24620.0, 24630.0, 24640.0, 24650.0, 24660.0, 24670.0, 24680.0, 24690.0, 24700.0, 24710.0, 24720.0, 24730.0, 24740.0, 24750.0, 24760.0, 24770.0, 24780.0, 24790.0, 24800.0, 24810.0, 24820.0, 24830.0, 24840.0, 24850.0, 24860.0, 24870.0, 24880.0, 24890.0, 24900.0, 24910.0, 24920.0, 24930.0, 24940.0, 24950.0, 24960.0, 24970.0, 24980.0, 24990.0, 25000.0, 25010.0, 25020.0, 25030.0, 25040.0, 25050.0, 25060.0, 25070.0, 25080.0, 25090.0, 25100.0, 25110.0, 25120.0, 25130.0, 25140.0, 25150.0, 25160.0, 25170.0, 25180.0, 25190.0, 25200.0, 25210.0, 25220.0, 25230.0, 25240.0, 25250.0, 25260.0, 25270.0, 25280.0, 25290.0, 25300.0, 25310.0, 25320.0, 25330.0, 25340.0, 25350.0, 25360.0, 25370.0, 25380.0, 25390.0, 25400.0, 25410.0, 25420.0, 25430.0, 25440.0, 25450.0, 25460.0, 25470.0, 25480.0, 25490.0, 25500.0, 25510.0, 25520.0, 25530.0, 25540.0, 25550.0, 25560.0, 25564]","Extended template","0","0","0","elipse","yes","1024","[0, 0.0, 0.0, 0.0, 0.0, 0.0, 0.0, 0.0, 0.0, 0.0, 0.0, 0.0, 0.0, 0.0, 0.0, 0.0, 0.0, 0.0, 0.0, 0.0, 0.0, 0.0, 0.0, 0.0, 0.0, 0.0, 0.0, 0.0, 0.0, 0.0, 0.0, 0.0, 0.0, 0.0, 0.0, 0.0, 0.0, 0.0, 0.0, 0.0, 0.0, 0.0, 0.0, 0.0, 0.0, 0.0, 0.0, 0.0, 0.0, 0.0, 0.0, 0.0, 0.0, 0.0, 0.0, 0.0, 0.0, 0.0, 0.0, -7.0, -15.0, -34.0, -51.0, -86.0, -108.0, -151.0, -161.0, -189.0, -215.0, -221.0, -231.0, -249.0, -256.0, -262.0, -266.0, -271.0, -275.0, -277.0, -280.0, -284.0, -285.0, -287.0, -289.0, -294.0, -296.0, -298.0, -300.0, -305.0, -307.0, -309.0, -311.0, -313.0, -314.0, -315.0, -316.0, -317.0, -317.0, -317.0, -317.0, -317.0, -317.0, -317.0]","[0, 0.0, 0.0, 0.0, 0.0, 0.0, 0.0, 0.0, 0.0, 0.0, 0.0, 0.0, 0.0, 0.0, 0.0, 0.0, 0.0, 0.0, 0.0, 0.0, 0.0, 0.0, 0.0, 0.0, 0.0, 0.0, 0.0, 0.0, 0.0, 0.0, 0.0, 0.0, 0.0, 0.0, 0.0, 0.0, 0.0, 0.0, 0.0, 0.0, 0.0, 0.0, 0.0, 0.0, 0.0, 0.0, 0.0, 0.0, 0.0, 0.0, 0.0, 0.0, 0.0, 0.0, 0.0, 0.0, 0.0, 0.0, 0.0, -1.0, -5.0, -15.0, -25.0, -46.0, -61.0, -93.0, -101.0, -124.0, -149.0, -154.0, -165.0, -182.0, -189.0, -195.0, -200.0, -205.0, -209.0, -211.0, -214.0, -218.0, -220.0, -221.0, -223.0, -226.0, -226.0, -228.0, -228.0, -231.0, -232.0, -232.0, -233.0, -234.0, -234.0, -235.0, -235.0, -235.0, -235.0, -235.0, -235.0, -235.0, -235.0, -235.0]"
"undefined","undefined","undefined","undefined","black","yes","xpyriment","legacy","legacy","0","uniform","1","right_button","undefined","1","right_button","0","0","0","0","0","10","0","10","10","0","10","10","Fri Oct 14 13:06:54 2022","A template containing a practice and an experimental phase","yes","circle_square.osexp","/Users/dotlev/Documents/GitHub/PercAct2022/mousetracking/example_experiments","no","mono","no","18","no","white","no","yes","768","400","400","legacy","elipse_high","10","10","0","/Users/dotlev/Documents/GitHub/PercAct2022/mousetracking/example_experiments/subject-5.csv","xpyriment","Lentiform Loewenfeld","3.3.12","no","0","right_button","NA","space","right_button","1537","NA","8998","1537","circle","2","legacy","1024","2","48000","-16","experiment","5","odd","13694","13694","NA","4660","13689","25592","4675","27347","25809","NA","25809","25586","[25810.0, 25820.0, 25830.0, 25840.0, 25850.0, 25860.0, 25870.0, 25880.0, 25890.0, 25900.0, 25910.0, 25920.0, 25930.0, 25940.0, 25950.0, 25960.0, 25970.0, 25980.0, 25990.0, 26000.0, 26010.0, 26020.0, 26030.0, 26040.0, 26050.0, 26060.0, 26070.0, 26080.0, 26090.0, 26100.0, 26110.0, 26120.0, 26130.0, 26140.0, 26150.0, 26160.0, 26170.0, 26180.0, 26190.0, 26200.0, 26210.0, 26220.0, 26230.0, 26240.0, 26250.0, 26260.0, 26270.0, 26280.0, 26290.0, 26300.0, 26310.0, 26320.0, 26330.0, 26340.0, 26350.0, 26360.0, 26370.0, 26380.0, 26390.0, 26400.0, 26410.0, 26420.0, 26430.0, 26440.0, 26450.0, 26460.0, 26470.0, 26480.0, 26490.0, 26500.0, 26510.0, 26520.0, 26530.0, 26540.0, 26550.0, 26560.0, 26570.0, 26580.0, 26590.0, 26600.0, 26610.0, 26620.0, 26630.0, 26640.0, 26650.0, 26660.0, 26670.0, 26680.0, 26690.0, 26700.0, 26710.0, 26720.0, 26730.0, 26740.0, 26750.0, 26760.0, 26770.0, 26780.0, 26790.0, 26800.0, 26810.0, 26820.0, 26830.0, 26840.0, 26850.0, 26860.0, 26870.0, 26880.0, 26890.0, 26900.0, 26910.0, 26920.0, 26930.0, 26940.0, 26950.0, 26960.0, 26970.0, 26980.0, 26990.0, 27000.0, 27010.0, 27020.0, 27030.0, 27040.0, 27050.0, 27060.0, 27070.0, 27080.0, 27090.0, 27100.0, 27110.0, 27120.0, 27130.0, 27140.0, 27150.0, 27160.0, 27170.0, 27180.0, 27190.0, 27200.0, 27210.0, 27220.0, 27230.0, 27240.0, 27250.0, 27260.0, 27270.0, 27280.0, 27290.0, 27300.0, 27310.0, 27320.0, 27330.0, 27340.0, 27347]","Extended template","0","0","0","elipse_high","yes","1024","[0, 0.0, 0.0, 0.0, 0.0, 0.0, 0.0, 0.0, 0.0, 0.0, 0.0, 0.0, 0.0, 0.0, 0.0, 0.0, 0.0, 0.0, 0.0, 0.0, 0.0, 0.0, 0.0, 0.0, 0.0, 0.0, 0.0, 0.0, 0.0, 0.0, 0.0, 0.0, 0.0, 0.0, 0.0, 0.0, 0.0, 0.0, 0.0, 0.0, 0.0, 0.0, 2.0, 7.0, 11.0, 13.0, 15.0, 22.0, 24.0, 27.0, 27.0, 31.0, 32.0, 32.0, 32.0, 33.0, 33.0, 33.0, 33.0, 33.0, 31.0, 30.0, 27.0, 24.0, 20.0, 17.0, 15.0, 12.0, 10.0, 8.0, 7.0, 5.0, 4.0, 3.0, 3.0, 2.0, 2.0, 2.0, 2.0, 2.0, 2.0, 2.0, 2.0, 2.0, 2.0, 2.0, 1.0, 1.0, 1.0, 1.0, 1.0, 1.0, 1.0, 1.0, 1.0, 2.0, 4.0, 5.0, 7.0, 13.0, 17.0, 23.0, 29.0, 43.0, 56.0, 60.0, 69.0, 90.0, 100.0, 108.0, 117.0, 143.0, 154.0, 167.0, 181.0, 212.0, 218.0, 229.0, 241.0, 256.0, 263.0, 270.0, 277.0, 289.0, 294.0, 295.0, 298.0, 303.0, 304.0, 305.0, 306.0, 309.0, 310.0, 313.0, 314.0, 318.0, 320.0, 322.0, 323.0, 325.0, 326.0, 327.0, 328.0, 330.0, 331.0, 332.0, 332.0, 333.0, 333.0, 333.0, 333.0, 333.0, 333.0, 333.0, 333.0]","[0, 0.0, 0.0, 0.0, 0.0, 0.0, 0.0, 0.0, 0.0, 0.0, 0.0, 0.0, 0.0, 0.0, 0.0, 0.0, 0.0, 0.0, 0.0, 0.0, 0.0, 0.0, 0.0, 0.0, 0.0, 0.0, 0.0, 0.0, 0.0, 0.0, 0.0, 0.0, 0.0, 0.0, 0.0, 0.0, 0.0, 0.0, 0.0, 0.0, 0.0, -1.0, -3.0, -7.0, -10.0, -12.0, -14.0, -22.0, -23.0, -28.0, -30.0, -38.0, -39.0, -42.0, -44.0, -48.0, -50.0, -52.0, -53.0, -56.0, -58.0, -59.0, -61.0, -64.0, -68.0, -70.0, -72.0, -76.0, -79.0, -80.0, -83.0, -86.0, -87.0, -88.0, -89.0, -91.0, -91.0, -91.0, -91.0, -92.0, -92.0, -92.0, -92.0, -92.0, -92.0, -92.0, -92.0, -92.0, -92.0, -92.0, -92.0, -93.0, -94.0, -95.0, -96.0, -100.0, -102.0, -105.0, -108.0, -116.0, -120.0, -125.0, -131.0, -143.0, -152.0, -155.0, -159.0, -168.0, -172.0, -175.0, -178.0, -186.0, -189.0, -191.0, -195.0, -201.0, -202.0, -204.0, -206.0, -210.0, -212.0, -215.0, -219.0, -227.0, -231.0, -233.0, -236.0, -240.0, -241.0, -242.0, -244.0, -248.0, -251.0, -254.0, -255.0, -259.0, -260.0, -262.0, -262.0, -264.0, -264.0, -264.0, -265.0, -265.0, -265.0, -265.0, -265.0, -265.0, -265.0, -265.0, -265.0, -265.0, -265.0, -265.0, -265.0]"
"undefined","undefined","undefined","undefined","black","yes","xpyriment","legacy","legacy","0","uniform","1","right_button","undefined","1","right_button","0","0","0","0","0","11","0","11","11","0","11","11","Fri Oct 14 13:06:54 2022","A template containing a practice and an experimental phase","yes","circle_square.osexp","/Users/dotlev/Documents/GitHub/PercAct2022/mousetracking/example_experiments","no","mono","no","18","no","white","no","yes","768","550","550","legacy","rectangle","11","11","0","/Users/dotlev/Documents/GitHub/PercAct2022/mousetracking/example_experiments/subject-5.csv","xpyriment","Lentiform Loewenfeld","3.3.12","no","0","right_button","NA","space","right_button","985","NA","8998","985","circle","2","legacy","1024","2","48000","-16","experiment","5","odd","13694","13694","NA","4660","13689","27376","4675","28582","27594","NA","27593","27370","[27596.0, 27606.0, 27616.0, 27626.0, 27636.0, 27646.0, 27656.0, 27666.0, 27676.0, 27686.0, 27696.0, 27706.0, 27716.0, 27726.0, 27736.0, 27746.0, 27756.0, 27766.0, 27776.0, 27786.0, 27796.0, 27806.0, 27816.0, 27826.0, 27836.0, 27846.0, 27856.0, 27866.0, 27876.0, 27886.0, 27896.0, 27906.0, 27916.0, 27926.0, 27936.0, 27946.0, 27956.0, 27966.0, 27976.0, 27986.0, 27996.0, 28006.0, 28016.0, 28026.0, 28036.0, 28046.0, 28056.0, 28066.0, 28076.0, 28086.0, 28096.0, 28106.0, 28116.0, 28126.0, 28136.0, 28146.0, 28156.0, 28166.0, 28176.0, 28186.0, 28196.0, 28206.0, 28216.0, 28226.0, 28236.0, 28246.0, 28256.0, 28266.0, 28276.0, 28286.0, 28296.0, 28306.0, 28316.0, 28326.0, 28336.0, 28346.0, 28356.0, 28366.0, 28376.0, 28386.0, 28396.0, 28406.0, 28416.0, 28426.0, 28436.0, 28446.0, 28456.0, 28466.0, 28476.0, 28486.0, 28496.0, 28506.0, 28516.0, 28526.0, 28536.0, 28546.0, 28556.0, 28566.0, 28576.0, 28581]","Extended template","0","0","0","rectangle","yes","1024","[0, 0.0, 0.0, 0.0, 0.0, 0.0, 0.0, 0.0, 0.0, 0.0, 0.0, 0.0, 0.0, 0.0, 0.0, 0.0, 0.0, 0.0, 0.0, 0.0, 0.0, 0.0, 0.0, 0.0, 0.0, 0.0, 0.0, 0.0, 0.0, 0.0, 0.0, 0.0, 0.0, 0.0, 0.0, 0.0, 0.0, 0.0, 0.0, 0.0, 0.0, 0.0, 0.0, 0.0, 0.0, 0.0, 0.0, 0.0, 0.0, 0.0, 0.0, 0.0, 0.0, 0.0, 0.0, 0.0, 0.0, 0.0, 0.0, 4.0, 10.0, 14.0, 23.0, 43.0, 48.0, 56.0, 64.0, 80.0, 87.0, 95.0, 110.0, 123.0, 139.0, 150.0, 162.0, 187.0, 201.0, 215.0, 229.0, 257.0, 271.0, 285.0, 291.0, 302.0, 321.0, 324.0, 329.0, 333.0, 339.0, 340.0, 341.0, 341.0, 342.0, 342.0, 342.0, 342.0, 342.0, 342.0, 342.0, 342.0]","[0, 0.0, 0.0, 0.0, 0.0, 0.0, 0.0, 0.0, 0.0, 0.0, 0.0, 0.0, 0.0, 0.0, 0.0, 0.0, 0.0, 0.0, 0.0, 0.0, 0.0, 0.0, 0.0, 0.0, 0.0, 0.0, 0.0, 0.0, 0.0, 0.0, 0.0, 0.0, 0.0, 0.0, 0.0, 0.0, 0.0, 0.0, 0.0, 0.0, 0.0, 0.0, 0.0, 0.0, 0.0, 0.0, 0.0, 0.0, 0.0, 0.0, 0.0, 0.0, 0.0, 0.0, 0.0, 0.0, -1.0, -4.0, -8.0, -19.0, -34.0, -43.0, -60.0, -92.0, -99.0, -112.0, -123.0, -140.0, -147.0, -153.0, -162.0, -169.0, -176.0, -179.0, -183.0, -190.0, -192.0, -194.0, -196.0, -198.0, -200.0, -202.0, -203.0, -206.0, -212.0, -214.0, -216.0, -219.0, -222.0, -223.0, -223.0, -224.0, -224.0, -224.0, -225.0, -225.0, -226.0, -226.0, -226.0, -226.0]"
"undefined","undefined","undefined","undefined","black","yes","xpyriment","legacy","legacy","0","uniform","1","right_button","undefined","1","right_button","0","0","0","0","0","12","0","12","12","0","12","12","Fri Oct 14 13:06:54 2022","A template containing a practice and an experimental phase","yes","circle_square.osexp","/Users/dotlev/Documents/GitHub/PercAct2022/mousetracking/example_experiments","no","mono","no","18","no","white","no","yes","768","430","430","legacy","elipse_high","12","12","0","/Users/dotlev/Documents/GitHub/PercAct2022/mousetracking/example_experiments/subject-5.csv","xpyriment","Lentiform Loewenfeld","3.3.12","no","0","right_button","NA","space","right_button","1002","NA","8998","1002","circle","2","legacy","1024","2","48000","-16","experiment","5","odd","13694","13694","NA","4660","13689","28610","4675","29831","28826","NA","28826","28605","[28828.0, 28838.0, 28848.0, 28858.0, 28868.0, 28878.0, 28888.0, 28898.0, 28908.0, 28918.0, 28928.0, 28938.0, 28948.0, 28958.0, 28968.0, 28978.0, 28988.0, 28998.0, 29008.0, 29018.0, 29028.0, 29038.0, 29048.0, 29058.0, 29068.0, 29078.0, 29088.0, 29098.0, 29108.0, 29118.0, 29128.0, 29138.0, 29148.0, 29158.0, 29168.0, 29178.0, 29188.0, 29198.0, 29208.0, 29218.0, 29228.0, 29238.0, 29248.0, 29258.0, 29268.0, 29278.0, 29288.0, 29298.0, 29308.0, 29318.0, 29328.0, 29338.0, 29348.0, 29358.0, 29368.0, 29378.0, 29388.0, 29398.0, 29408.0, 29418.0, 29428.0, 29438.0, 29448.0, 29458.0, 29468.0, 29478.0, 29488.0, 29498.0, 29508.0, 29518.0, 29528.0, 29538.0, 29548.0, 29558.0, 29568.0, 29578.0, 29588.0, 29598.0, 29608.0, 29618.0, 29628.0, 29638.0, 29648.0, 29658.0, 29668.0, 29678.0, 29688.0, 29698.0, 29708.0, 29718.0, 29728.0, 29738.0, 29748.0, 29758.0, 29768.0, 29778.0, 29788.0, 29798.0, 29808.0, 29818.0, 29828.0, 29830]","Extended template","0","0","0","elipse_high","yes","1024","[0, 0.0, 0.0, 0.0, 0.0, 0.0, 0.0, 0.0, 0.0, 0.0, 0.0, 0.0, 0.0, 0.0, 0.0, 0.0, 0.0, 0.0, 0.0, 0.0, 0.0, 0.0, 0.0, 0.0, 0.0, 0.0, 0.0, 0.0, 0.0, 0.0, 0.0, 0.0, 0.0, 0.0, 0.0, 0.0, 0.0, 0.0, 0.0, 0.0, 0.0, 0.0, 0.0, 0.0, 0.0, -5.0, -10.0, -15.0, -47.0, -64.0, -73.0, -88.0, -117.0, -122.0, -129.0, -132.0, -138.0, -140.0, -141.0, -141.0, -138.0, -133.0, -128.0, -116.0, -93.0, -67.0, -44.0, -17.0, 45.0, 61.0, 116.0, 147.0, 188.0, 208.0, 217.0, 234.0, 250.0, 258.0, 263.0, 267.0, 273.0, 275.0, 277.0, 279.0, 284.0, 286.0, 287.0, 289.0, 290.0, 293.0, 293.0, 293.0, 294.0, 294.0, 294.0, 294.0, 295.0, 295.0, 295.0, 295.0, 295.0, 295.0]","[0, 0.0, 0.0, 0.0, 0.0, 0.0, 0.0, 0.0, 0.0, 0.0, 0.0, 0.0, 0.0, 0.0, 0.0, 0.0, 0.0, 0.0, 0.0, 0.0, 0.0, 0.0, 0.0, 0.0, 0.0, 0.0, 0.0, 0.0, 0.0, 0.0, 0.0, 0.0, 0.0, 0.0, 0.0, 0.0, 0.0, 0.0, 0.0, 0.0, 0.0, 0.0, 0.0, 0.0, -1.0, -8.0, -13.0, -20.0, -57.0, -78.0, -88.0, -107.0, -141.0, -147.0, -158.0, -161.0, -170.0, -173.0, -177.0, -179.0, -184.0, -188.0, -191.0, -198.0, -205.0, -212.0, -214.0, -218.0, -224.0, -227.0, -236.0, -242.0, -250.0, -254.0, -255.0, -258.0, -261.0, -263.0, -264.0, -265.0, -267.0, -268.0, -269.0, -270.0, -272.0, -274.0, -275.0, -275.0, -276.0, -277.0, -277.0, -277.0, -278.0, -278.0, -278.0, -278.0, -279.0, -279.0, -279.0, -279.0, -279.0, -279.0]"
"undefined","undefined","undefined","undefined","black","yes","xpyriment","legacy","legacy","0","uniform","1","right_button","undefined","1","right_button","0","0","0","0","0","13","0","13","13","0","13","13","Fri Oct 14 13:06:54 2022","A template containing a practice and an experimental phase","yes","circle_square.osexp","/Users/dotlev/Documents/GitHub/PercAct2022/mousetracking/example_experiments","no","mono","no","18","no","white","no","yes","768","560","560","legacy","rectangle","13","13","0","/Users/dotlev/Documents/GitHub/PercAct2022/mousetracking/example_experiments/subject-5.csv","xpyriment","Lentiform Loewenfeld","3.3.12","no","0","right_button","NA","space","right_button","985","NA","8998","985","circle","2","legacy","1024","2","48000","-16","experiment","5","odd","13694","13694","NA","4660","13689","29859","4675","31064","30075","NA","30075","29853","[30079.0, 30089.0, 30099.0, 30109.0, 30119.0, 30129.0, 30139.0, 30149.0, 30159.0, 30169.0, 30179.0, 30189.0, 30199.0, 30209.0, 30219.0, 30229.0, 30239.0, 30249.0, 30259.0, 30269.0, 30279.0, 30289.0, 30299.0, 30309.0, 30319.0, 30329.0, 30339.0, 30349.0, 30359.0, 30369.0, 30379.0, 30389.0, 30399.0, 30409.0, 30419.0, 30429.0, 30439.0, 30449.0, 30459.0, 30469.0, 30479.0, 30489.0, 30499.0, 30509.0, 30519.0, 30529.0, 30539.0, 30549.0, 30559.0, 30569.0, 30579.0, 30589.0, 30599.0, 30609.0, 30619.0, 30629.0, 30639.0, 30649.0, 30659.0, 30669.0, 30679.0, 30689.0, 30699.0, 30709.0, 30719.0, 30729.0, 30739.0, 30749.0, 30759.0, 30769.0, 30779.0, 30789.0, 30799.0, 30809.0, 30819.0, 30829.0, 30839.0, 30849.0, 30859.0, 30869.0, 30879.0, 30889.0, 30899.0, 30909.0, 30919.0, 30929.0, 30939.0, 30949.0, 30959.0, 30969.0, 30979.0, 30989.0, 30999.0, 31009.0, 31019.0, 31029.0, 31039.0, 31049.0, 31059.0, 31064]","Extended template","0","0","0","rectangle","yes","1024","[0, 0.0, 0.0, 0.0, 0.0, 0.0, 0.0, 0.0, 0.0, 0.0, 0.0, 0.0, 0.0, 0.0, 0.0, 0.0, 0.0, 0.0, 0.0, 0.0, 0.0, 0.0, 0.0, 0.0, 0.0, 0.0, 0.0, 0.0, 0.0, 0.0, 0.0, 0.0, 0.0, 0.0, 0.0, 0.0, 0.0, 0.0, 0.0, 0.0, 0.0, 0.0, 0.0, 0.0, 0.0, 0.0, 0.0, 0.0, 0.0, 0.0, 0.0, 0.0, 0.0, 0.0, 0.0, 0.0, 0.0, 0.0, 0.0, 0.0, 3.0, 5.0, 14.0, 30.0, 61.0, 80.0, 90.0, 128.0, 161.0, 183.0, 203.0, 212.0, 232.0, 240.0, 256.0, 258.0, 271.0, 274.0, 278.0, 282.0, 286.0, 289.0, 291.0, 293.0, 298.0, 300.0, 301.0, 303.0, 306.0, 308.0, 309.0, 311.0, 313.0, 313.0, 313.0, 313.0, 313.0, 313.0, 313.0, 313.0]","[0, 0.0, 0.0, 0.0, 0.0, 0.0, 0.0, 0.0, 0.0, 0.0, 0.0, 0.0, 0.0, 0.0, 0.0, 0.0, 0.0, 0.0, 0.0, 0.0, 0.0, 0.0, 0.0, 0.0, 0.0, 0.0, 0.0, 0.0, 0.0, 0.0, 0.0, 0.0, 0.0, 0.0, 0.0, 0.0, 0.0, 0.0, 0.0, 0.0, 0.0, 0.0, 0.0, 0.0, 0.0, 0.0, 0.0, 0.0, 0.0, 0.0, 0.0, 0.0, 0.0, 0.0, 0.0, 0.0, 0.0, -2.0, -8.0, -15.0, -34.0, -42.0, -62.0, -98.0, -145.0, -168.0, -178.0, -214.0, -237.0, -249.0, -259.0, -262.0, -269.0, -272.0, -277.0, -278.0, -281.0, -282.0, -283.0, -284.0, -286.0, -287.0, -288.0, -289.0, -293.0, -294.0, -295.0, -297.0, -298.0, -298.0, -298.0, -298.0, -298.0, -298.0, -298.0, -298.0, -298.0, -298.0, -298.0, -298.0]"
"undefined","undefined","undefined","undefined","black","yes","xpyriment","legacy","legacy","0","uniform","1","left_button","undefined","1","left_button","0","0","0","0","0","14","0","14","14","0","14","14","Fri Oct 14 13:06:54 2022","A template containing a practice and an experimental phase","yes","circle_square.osexp","/Users/dotlev/Documents/GitHub/PercAct2022/mousetracking/example_experiments","no","mono","no","18","no","white","no","yes","768","520","520","legacy","circle","14","14","0","/Users/dotlev/Documents/GitHub/PercAct2022/mousetracking/example_experiments/subject-5.csv","xpyriment","Lentiform Loewenfeld","3.3.12","no","0","left_button","NA","space","left_button","784","NA","8998","784","elipse","2","legacy","1024","2","48000","-16","experiment","5","odd","13694","13694","NA","4660","13689","31093","4675","32097","31311","NA","31310","31087","[31313.0, 31323.0, 31333.0, 31343.0, 31353.0, 31363.0, 31373.0, 31383.0, 31393.0, 31403.0, 31413.0, 31423.0, 31433.0, 31443.0, 31453.0, 31463.0, 31473.0, 31483.0, 31493.0, 31503.0, 31513.0, 31523.0, 31533.0, 31543.0, 31553.0, 31563.0, 31573.0, 31583.0, 31593.0, 31603.0, 31613.0, 31623.0, 31633.0, 31643.0, 31653.0, 31663.0, 31673.0, 31683.0, 31693.0, 31703.0, 31713.0, 31723.0, 31733.0, 31743.0, 31753.0, 31763.0, 31773.0, 31783.0, 31793.0, 31803.0, 31813.0, 31823.0, 31833.0, 31843.0, 31853.0, 31863.0, 31873.0, 31883.0, 31893.0, 31903.0, 31913.0, 31923.0, 31933.0, 31943.0, 31953.0, 31963.0, 31973.0, 31983.0, 31993.0, 32003.0, 32013.0, 32023.0, 32033.0, 32043.0, 32053.0, 32063.0, 32073.0, 32083.0, 32093.0, 32097]","Extended template","0","0","0","elipse","yes","1024","[0, 0.0, 0.0, 0.0, 0.0, 0.0, 0.0, 0.0, 0.0, 0.0, 0.0, 0.0, 0.0, 0.0, 0.0, 0.0, 0.0, 0.0, 0.0, 0.0, 0.0, 0.0, 0.0, 0.0, 0.0, 0.0, 0.0, 0.0, 0.0, 0.0, 0.0, 0.0, 0.0, 0.0, 0.0, 0.0, 0.0, 0.0, 0.0, 0.0, 0.0, 0.0, 0.0, 0.0, 0.0, 0.0, 0.0, 0.0, 0.0, 0.0, 0.0, 0.0, 0.0, -2.0, -12.0, -25.0, -81.0, -102.0, -181.0, -203.0, -294.0, -311.0, -343.0, -368.0, -393.0, -397.0, -406.0, -413.0, -420.0, -422.0, -424.0, -424.0, -425.0, -425.0, -426.0, -426.0, -426.0, -426.0, -426.0, -426.0]","[0, 0.0, 0.0, 0.0, 0.0, 0.0, 0.0, 0.0, 0.0, 0.0, 0.0, 0.0, 0.0, 0.0, 0.0, 0.0, 0.0, 0.0, 0.0, 0.0, 0.0, 0.0, 0.0, 0.0, 0.0, 0.0, 0.0, 0.0, 0.0, 0.0, 0.0, 0.0, 0.0, 0.0, 0.0, 0.0, 0.0, 0.0, 0.0, 0.0, 0.0, 0.0, 0.0, 0.0, 0.0, 0.0, 0.0, 0.0, 0.0, 0.0, 0.0, 0.0, 0.0, -1.0, -8.0, -16.0, -59.0, -76.0, -138.0, -158.0, -232.0, -246.0, -271.0, -290.0, -305.0, -307.0, -312.0, -316.0, -321.0, -322.0, -324.0, -325.0, -327.0, -329.0, -330.0, -332.0, -336.0, -336.0, -336.0, -336.0]"
"undefined","undefined","undefined","undefined","black","yes","xpyriment","legacy","legacy","0","uniform","1","right_button","undefined","1","right_button","0","0","0","0","0","15","0","15","15","0","15","15","Fri Oct 14 13:06:54 2022","A template containing a practice and an experimental phase","yes","circle_square.osexp","/Users/dotlev/Documents/GitHub/PercAct2022/mousetracking/example_experiments","no","mono","no","18","no","white","no","yes","768","430","430","legacy","elipse_high","15","15","0","/Users/dotlev/Documents/GitHub/PercAct2022/mousetracking/example_experiments/subject-5.csv","xpyriment","Lentiform Loewenfeld","3.3.12","no","0","right_button","NA","space","right_button","1054","NA","8998","1054","circle","2","legacy","1024","2","48000","-16","experiment","5","odd","13694","13694","NA","4660","13689","32125","4675","33397","32341","NA","32340","32119","[32343.0, 32353.0, 32363.0, 32373.0, 32383.0, 32393.0, 32403.0, 32413.0, 32423.0, 32433.0, 32443.0, 32453.0, 32463.0, 32473.0, 32483.0, 32493.0, 32503.0, 32513.0, 32523.0, 32533.0, 32543.0, 32553.0, 32563.0, 32573.0, 32583.0, 32593.0, 32603.0, 32613.0, 32623.0, 32633.0, 32643.0, 32653.0, 32663.0, 32673.0, 32683.0, 32693.0, 32703.0, 32713.0, 32723.0, 32733.0, 32743.0, 32753.0, 32763.0, 32773.0, 32783.0, 32793.0, 32803.0, 32813.0, 32823.0, 32833.0, 32843.0, 32853.0, 32863.0, 32873.0, 32883.0, 32893.0, 32903.0, 32913.0, 32923.0, 32933.0, 32943.0, 32953.0, 32963.0, 32973.0, 32983.0, 32993.0, 33003.0, 33013.0, 33023.0, 33033.0, 33043.0, 33053.0, 33063.0, 33073.0, 33083.0, 33093.0, 33103.0, 33113.0, 33123.0, 33133.0, 33143.0, 33153.0, 33163.0, 33173.0, 33183.0, 33193.0, 33203.0, 33213.0, 33223.0, 33233.0, 33243.0, 33253.0, 33263.0, 33273.0, 33283.0, 33293.0, 33303.0, 33313.0, 33323.0, 33333.0, 33343.0, 33353.0, 33363.0, 33373.0, 33383.0, 33393.0, 33397]","Extended template","0","0","0","elipse_high","yes","1024","[0, 0.0, 0.0, 0.0, 0.0, 0.0, 0.0, 0.0, 0.0, 0.0, 0.0, 0.0, 0.0, 0.0, 0.0, 0.0, 0.0, 0.0, 0.0, 0.0, 0.0, 0.0, 0.0, 0.0, 0.0, 0.0, 0.0, 0.0, 0.0, 0.0, 0.0, 0.0, 0.0, 0.0, 0.0, 0.0, 0.0, 0.0, 0.0, 0.0, 0.0, 0.0, 0.0, 0.0, 9.0, 20.0, 44.0, 61.0, 77.0, 109.0, 150.0, 174.0, 181.0, 196.0, 211.0, 216.0, 219.0, 221.0, 222.0, 222.0, 222.0, 222.0, 219.0, 217.0, 215.0, 212.0, 209.0, 207.0, 205.0, 205.0, 204.0, 204.0, 204.0, 204.0, 206.0, 208.0, 211.0, 216.0, 239.0, 247.0, 260.0, 273.0, 301.0, 316.0, 321.0, 335.0, 354.0, 363.0, 370.0, 376.0, 384.0, 387.0, 390.0, 392.0, 394.0, 395.0, 396.0, 397.0, 399.0, 399.0, 399.0, 400.0, 401.0, 401.0, 401.0, 401.0, 401.0]","[0, 0.0, 0.0, 0.0, 0.0, 0.0, 0.0, 0.0, 0.0, 0.0, 0.0, 0.0, 0.0, 0.0, 0.0, 0.0, 0.0, 0.0, 0.0, 0.0, 0.0, 0.0, 0.0, 0.0, 0.0, 0.0, 0.0, 0.0, 0.0, 0.0, 0.0, 0.0, 0.0, 0.0, 0.0, 0.0, 0.0, 0.0, 0.0, 0.0, 0.0, 0.0, 0.0, 0.0, 1.0, 8.0, 20.0, 29.0, 37.0, 54.0, 79.0, 94.0, 101.0, 113.0, 127.0, 134.0, 139.0, 142.0, 147.0, 148.0, 149.0, 150.0, 150.0, 148.0, 144.0, 140.0, 130.0, 124.0, 117.0, 110.0, 86.0, 74.0, 60.0, 44.0, 15.0, -3.0, -20.0, -39.0, -94.0, -105.0, -121.0, -135.0, -157.0, -165.0, -167.0, -172.0, -178.0, -180.0, -183.0, -185.0, -188.0, -189.0, -191.0, -193.0, -194.0, -195.0, -197.0, -199.0, -205.0, -207.0, -210.0, -212.0, -215.0, -216.0, -216.0, -216.0, -216.0]"
"undefined","undefined","undefined","undefined","black","yes","xpyriment","legacy","legacy","0","uniform","1","left_button","undefined","1","left_button","0","0","0","0","0","16","0","16","16","0","16","16","Fri Oct 14 13:06:54 2022","A template containing a practice and an experimental phase","yes","circle_square.osexp","/Users/dotlev/Documents/GitHub/PercAct2022/mousetracking/example_experiments","no","mono","no","18","no","white","no","yes","768","470","470","legacy","circle","16","16","0","/Users/dotlev/Documents/GitHub/PercAct2022/mousetracking/example_experiments/subject-5.csv","xpyriment","Lentiform Loewenfeld","3.3.12","no","0","left_button","NA","space","left_button","746","NA","8998","746","elipse_high","2","legacy","1024","2","48000","-16","experiment","5","odd","13694","13694","NA","4660","13689","33426","4675","34397","33644","NA","33643","33420","[33651.0, 33661.0, 33671.0, 33681.0, 33691.0, 33701.0, 33711.0, 33721.0, 33731.0, 33741.0, 33751.0, 33761.0, 33771.0, 33781.0, 33791.0, 33801.0, 33811.0, 33821.0, 33831.0, 33841.0, 33851.0, 33861.0, 33871.0, 33881.0, 33891.0, 33901.0, 33911.0, 33921.0, 33931.0, 33941.0, 33951.0, 33961.0, 33971.0, 33981.0, 33991.0, 34001.0, 34011.0, 34021.0, 34031.0, 34041.0, 34051.0, 34061.0, 34071.0, 34081.0, 34091.0, 34101.0, 34111.0, 34121.0, 34131.0, 34141.0, 34151.0, 34161.0, 34171.0, 34181.0, 34191.0, 34201.0, 34211.0, 34221.0, 34231.0, 34241.0, 34251.0, 34261.0, 34271.0, 34281.0, 34291.0, 34301.0, 34311.0, 34321.0, 34331.0, 34341.0, 34351.0, 34361.0, 34371.0, 34381.0, 34391.0, 34397]","Extended template","0","0","0","elipse_high","yes","1024","[0, 0.0, 0.0, 0.0, 0.0, 0.0, 0.0, 0.0, 0.0, 0.0, 0.0, 0.0, 0.0, 0.0, 0.0, 0.0, 0.0, 0.0, 0.0, 0.0, 0.0, 0.0, 0.0, 0.0, 0.0, 0.0, 0.0, 0.0, 0.0, 0.0, 0.0, 0.0, 0.0, 0.0, 0.0, 0.0, 0.0, 0.0, 0.0, 0.0, 0.0, 0.0, 0.0, 0.0, 0.0, 0.0, 0.0, 0.0, -2.0, -67.0, -83.0, -98.0, -149.0, -189.0, -211.0, -230.0, -237.0, -261.0, -265.0, -271.0, -276.0, -281.0, -284.0, -285.0, -286.0, -287.0, -287.0, -287.0, -288.0, -288.0, -289.0, -289.0, -290.0, -290.0, -290.0, -290.0]","[0, 0.0, 0.0, 0.0, 0.0, 0.0, 0.0, 0.0, 0.0, 0.0, 0.0, 0.0, 0.0, 0.0, 0.0, 0.0, 0.0, 0.0, 0.0, 0.0, 0.0, 0.0, 0.0, 0.0, 0.0, 0.0, 0.0, 0.0, 0.0, 0.0, 0.0, 0.0, 0.0, 0.0, 0.0, 0.0, 0.0, 0.0, 0.0, 0.0, 0.0, 0.0, 0.0, 0.0, 0.0, 0.0, 0.0, 0.0, 0.0, -50.0, -64.0, -76.0, -116.0, -145.0, -160.0, -172.0, -176.0, -189.0, -191.0, -195.0, -197.0, -200.0, -201.0, -201.0, -202.0, -202.0, -202.0, -203.0, -203.0, -203.0, -204.0, -204.0, -205.0, -205.0, -205.0, -205.0]"
"undefined","undefined","undefined","undefined","black","yes","xpyriment","legacy","legacy","0","uniform","1","left_button","undefined","1","left_button","0","0","0","0","0","17","0","17","17","0","17","17","Fri Oct 14 13:06:54 2022","A template containing a practice and an experimental phase","yes","circle_square.osexp","/Users/dotlev/Documents/GitHub/PercAct2022/mousetracking/example_experiments","no","mono","no","18","no","white","no","yes","768","530","530","legacy","circle","17","17","0","/Users/dotlev/Documents/GitHub/PercAct2022/mousetracking/example_experiments/subject-5.csv","xpyriment","Lentiform Loewenfeld","3.3.12","no","0","left_button","NA","space","left_button","866","NA","8998","866","rectangle","2","legacy","1024","2","48000","-16","experiment","5","odd","13694","13694","NA","4660","13689","34426","4675","35514","34644","NA","34643","34420","[34648.0, 34658.0, 34668.0, 34678.0, 34688.0, 34698.0, 34708.0, 34718.0, 34728.0, 34738.0, 34748.0, 34758.0, 34768.0, 34778.0, 34788.0, 34798.0, 34808.0, 34818.0, 34828.0, 34838.0, 34848.0, 34858.0, 34868.0, 34878.0, 34888.0, 34898.0, 34908.0, 34918.0, 34928.0, 34938.0, 34948.0, 34958.0, 34968.0, 34978.0, 34988.0, 34998.0, 35008.0, 35018.0, 35028.0, 35038.0, 35048.0, 35058.0, 35068.0, 35078.0, 35088.0, 35098.0, 35108.0, 35118.0, 35128.0, 35138.0, 35148.0, 35158.0, 35168.0, 35178.0, 35188.0, 35198.0, 35208.0, 35218.0, 35228.0, 35238.0, 35248.0, 35258.0, 35268.0, 35278.0, 35288.0, 35298.0, 35308.0, 35318.0, 35328.0, 35338.0, 35348.0, 35358.0, 35368.0, 35378.0, 35388.0, 35398.0, 35408.0, 35418.0, 35428.0, 35438.0, 35448.0, 35458.0, 35468.0, 35478.0, 35488.0, 35498.0, 35508.0, 35514]","Extended template","0","0","0","rectangle","yes","1024","[0, 0.0, 0.0, 0.0, 0.0, 0.0, 0.0, 0.0, 0.0, 0.0, 0.0, 0.0, 0.0, 0.0, 0.0, 0.0, 0.0, 0.0, 0.0, 0.0, 0.0, 0.0, 0.0, 0.0, 0.0, 0.0, 0.0, 0.0, 0.0, 0.0, 0.0, 0.0, 0.0, 0.0, 0.0, 0.0, 0.0, 0.0, 0.0, 0.0, 0.0, 0.0, 0.0, 0.0, 0.0, 0.0, 0.0, 0.0, 0.0, 0.0, 0.0, 0.0, 0.0, 0.0, -1.0, -12.0, -27.0, -45.0, -68.0, -121.0, -152.0, -181.0, -207.0, -236.0, -243.0, -255.0, -259.0, -272.0, -275.0, -277.0, -278.0, -280.0, -281.0, -281.0, -281.0, -282.0, -282.0, -282.0, -282.0, -282.0, -282.0, -282.0, -282.0, -283.0, -285.0, -286.0, -286.0, -286.0]","[0, 0.0, 0.0, 0.0, 0.0, 0.0, 0.0, 0.0, 0.0, 0.0, 0.0, 0.0, 0.0, 0.0, 0.0, 0.0, 0.0, 0.0, 0.0, 0.0, 0.0, 0.0, 0.0, 0.0, 0.0, 0.0, 0.0, 0.0, 0.0, 0.0, 0.0, 0.0, 0.0, 0.0, 0.0, 0.0, 0.0, 0.0, 0.0, 0.0, 0.0, 0.0, 0.0, 0.0, 0.0, 0.0, 0.0, 0.0, 0.0, 0.0, 0.0, 0.0, 0.0, 0.0, -1.0, -10.0, -19.0, -33.0, -51.0, -95.0, -122.0, -150.0, -177.0, -209.0, -216.0, -231.0, -235.0, -251.0, -254.0, -256.0, -258.0, -258.0, -258.0, -258.0, -258.0, -258.0, -258.0, -258.0, -258.0, -258.0, -258.0, -258.0, -258.0, -259.0, -259.0, -259.0, -259.0, -259.0]"
